country,minutes_streamed_per_day
Japan,295
Germany,86
Germany,363
Australia,348
Germany,30
South Korea,536
Australia,547
UK,98
Germany,526
Brazil,514
South Korea,266
Brazil,351
Canada,389
Germany,506
India,502
UK,193
India,542
USA,13
Germany,383
India,147
Australia,58
USA,450
Brazil,445
Brazil,547
South Korea,218
Brazil,87
Japan,537
France,203
Germany,267
Canada,151
Canada,60
UK,201
USA,564
South Korea,140
Brazil,187
France,332
UK,99
Japan,265
Japan,370
USA,478
South Korea,193
Brazil,581
Brazil,93
France,463
Brazil,84
India,404
USA,149
USA,585
Brazil,485
Australia,249
France,225
Japan,414
South Korea,189
India,88
India,43
Canada,259
Brazil,202
Japan,429
UK,282
UK,67
France,587
USA,262
Australia,372
Canada,229
South Korea,316
UK,334
USA,580
South Korea,538
UK,394
Japan,228
Australia,570
India,342
UK,530
France,251
South Korea,331
Brazil,149
USA,435
Japan,419
Australia,364
South Korea,23
UK,365
Canada,13
Germany,574
Japan,474
South Korea,252
Australia,123
Brazil,49
India,88
Australia,217
South Korea,222
Australia,31
UK,426
France,265
Brazil,578
Germany,451
Canada,454
Canada,283
South Korea,136
Australia,311
South Korea,11
Brazil,379
France,327
Australia,131
USA,476
India,144
Brazil,74
UK,76
Japan,473
Japan,539
Japan,318
India,536
Canada,199
Australia,531
Australia,234
Japan,386
Japan,419
France,70
India,547
India,274
France,404
UK,491
Canada,345
India,208
UK,105
USA,44
France,44
Canada,146
UK,250
Brazil,152
Brazil,350
Canada,558
Canada,57
USA,264
Canada,489
UK,415
Australia,176
South Korea,336
Canada,345
UK,372
France,567
Japan,149
USA,146
Canada,50
Canada,58
Germany,121
India,429
Brazil,535
South Korea,415
Canada,454
India,23
France,379
South Korea,513
USA,135
Japan,189
Australia,284
Japan,240
USA,296
France,478
UK,221
Canada,546
USA,366
South Korea,490
UK,54
Japan,169
Canada,220
India,595
Australia,592
Canada,491
Japan,345
Australia,37
Brazil,521
UK,419
Canada,547
India,524
Brazil,548
Canada,438
India,518
Japan,160
India,560
USA,390
France,418
South Korea,463
Brazil,471
South Korea,425
Germany,590
India,449
Brazil,125
Germany,407
UK,520
Australia,151
Brazil,200
France,267
Canada,350
Australia,317
USA,549
USA,352
Canada,126
India,119
Germany,62
Germany,463
Japan,100
Brazil,585
Australia,10
UK,134
Australia,551
UK,369
Australia,372
Brazil,376
India,450
France,116
South Korea,372
USA,180
France,580
Canada,435
South Korea,250
Canada,226
UK,51
Japan,406
Canada,317
South Korea,459
Australia,440
UK,570
Germany,373
Canada,183
USA,139
Germany,530
South Korea,272
South Korea,345
Japan,440
Germany,440
Japan,385
France,396
France,224
Germany,223
Japan,46
Canada,39
Australia,296
India,139
USA,163
France,590
Germany,526
Brazil,99
UK,279
Germany,335
Australia,118
Brazil,519
Brazil,555
USA,361
UK,194
USA,143
South Korea,229
Brazil,35
India,557
Canada,465
South Korea,233
Germany,563
South Korea,224
USA,223
South Korea,36
USA,493
Germany,588
Australia,406
South Korea,597
India,54
Germany,574
France,236
UK,279
Australia,481
USA,219
Brazil,600
Australia,77
USA,255
France,490
Brazil,548
Japan,233
UK,299
Canada,224
USA,514
Canada,239
South Korea,328
Canada,202
Australia,284
India,580
USA,32
South Korea,409
USA,342
Germany,349
South Korea,311
Australia,281
USA,320
France,21
Brazil,407
South Korea,446
South Korea,369
France,591
France,389
Japan,364
UK,41
Germany,301
Canada,252
Brazil,168
France,415
Japan,437
Germany,27
USA,564
UK,149
Japan,117
South Korea,10
USA,200
USA,542
India,164
France,422
Australia,328
India,289
India,332
France,281
Australia,312
Australia,559
Brazil,475
India,397
UK,268
Australia,189
France,438
Brazil,201
USA,514
Brazil,83
South Korea,504
India,242
Japan,525
Australia,292
USA,157
France,160
South Korea,207
Japan,47
France,565
South Korea,484
USA,394
UK,405
India,287
USA,14
Brazil,541
Canada,258
Canada,234
Germany,365
UK,98
UK,47
UK,396
Australia,109
Australia,356
Brazil,352
India,218
UK,300
UK,468
Japan,52
UK,352
Germany,392
Germany,159
India,299
USA,256
UK,212
France,181
South Korea,315
India,421
Brazil,260
India,189
India,257
Brazil,39
Germany,465
UK,460
Japan,356
France,468
UK,262
Canada,563
UK,260
France,263
Germany,484
Brazil,60
Japan,504
South Korea,169
Japan,62
France,375
Japan,174
Japan,168
Germany,29
Australia,531
USA,259
UK,31
India,389
UK,530
UK,557
South Korea,581
Germany,282
Canada,533
USA,271
Brazil,208
South Korea,490
South Korea,463
Germany,164
India,126
Germany,573
France,391
Canada,219
Brazil,184
Brazil,319
South Korea,221
Japan,545
Canada,313
UK,460
USA,452
Canada,295
Australia,56
India,55
France,534
South Korea,108
UK,551
USA,444
Japan,44
Brazil,334
Australia,419
Australia,369
Australia,525
India,468
Brazil,495
South Korea,433
Germany,437
USA,237
USA,22
Germany,319
India,384
Canada,245
Australia,422
Canada,223
Japan,67
Australia,270
Germany,210
Japan,269
Canada,127
France,385
Canada,143
UK,311
Japan,93
Germany,477
UK,415
France,333
USA,456
USA,532
Australia,69
UK,188
USA,99
Australia,441
France,437
India,447
India,518
South Korea,391
Canada,219
USA,410
India,441
Japan,323
South Korea,202
Canada,541
Japan,187
Germany,572
Japan,44
Japan,184
Canada,429
India,318
Australia,52
UK,334
Australia,402
UK,50
Australia,441
UK,112
Germany,129
Germany,383
Australia,18
Germany,126
Canada,160
Canada,531
India,58
India,438
France,338
Germany,312
India,99
India,360
South Korea,279
UK,564
Australia,24
France,595
Germany,600
India,393
India,388
Australia,152
India,234
Brazil,41
Germany,33
USA,171
UK,494
UK,578
France,36
USA,516
Brazil,35
Canada,504
Germany,357
UK,496
France,178
USA,196
Canada,590
South Korea,111
Brazil,333
Germany,427
USA,243
Australia,579
Australia,190
Australia,262
Australia,527
Japan,45
India,153
Brazil,328
France,467
Germany,350
Japan,115
UK,96
Australia,385
Australia,532
Canada,295
Australia,477
Australia,11
UK,324
Canada,89
Japan,93
UK,363
India,78
France,587
France,137
France,121
South Korea,86
India,234
Germany,92
Japan,136
USA,390
India,293
France,450
Japan,397
UK,534
France,29
Canada,449
Canada,76
UK,453
Germany,39
Australia,431
Germany,578
USA,565
South Korea,287
USA,55
UK,588
Brazil,383
Japan,377
India,212
India,382
Germany,440
South Korea,496
Australia,524
UK,152
UK,460
Japan,186
USA,16
Australia,45
France,125
Canada,458
Australia,197
South Korea,74
Japan,368
Brazil,479
France,334
France,156
South Korea,524
Japan,343
Brazil,544
South Korea,311
Germany,240
Brazil,309
USA,581
UK,475
France,126
Brazil,62
USA,171
France,82
India,490
Australia,65
India,253
Canada,496
Canada,340
Australia,395
UK,416
Canada,265
India,89
South Korea,92
USA,399
Japan,566
USA,27
South Korea,249
USA,379
Japan,32
Brazil,166
Germany,407
USA,12
Brazil,60
France,143
Germany,158
USA,19
USA,149
Australia,130
India,36
USA,40
India,136
Germany,214
UK,54
UK,111
Japan,300
Japan,17
UK,256
France,594
Germany,493
France,579
Germany,356
USA,163
South Korea,141
France,216
South Korea,431
Brazil,149
UK,477
South Korea,10
Japan,453
Japan,553
USA,275
Canada,230
Australia,101
India,424
Brazil,437
UK,78
USA,343
Australia,73
Japan,597
USA,537
Germany,228
Japan,553
Brazil,548
UK,47
Australia,424
Japan,523
France,240
South Korea,551
UK,395
Australia,176
South Korea,307
Germany,533
Canada,439
USA,260
South Korea,352
Canada,442
Canada,225
Canada,388
South Korea,314
Germany,261
France,594
France,214
UK,234
Japan,158
South Korea,503
South Korea,335
Australia,367
India,145
Australia,224
South Korea,140
Brazil,340
Germany,448
India,593
Brazil,273
India,493
France,572
Brazil,225
Australia,177
France,486
France,600
Japan,483
Japan,68
Australia,105
UK,520
Japan,342
Germany,254
USA,483
USA,189
France,460
UK,174
France,78
Canada,44
South Korea,136
USA,34
South Korea,195
UK,272
Canada,227
Germany,314
Japan,384
South Korea,364
Brazil,404
Brazil,54
USA,505
South Korea,575
UK,557
Canada,288
Australia,113
France,356
Australia,504
Japan,33
India,119
Japan,593
Canada,240
France,327
UK,566
UK,541
Brazil,554
South Korea,265
USA,89
USA,112
Australia,259
Australia,580
Australia,112
Brazil,313
South Korea,159
Japan,148
Germany,308
France,360
Canada,115
Australia,32
Australia,465
Canada,487
Germany,248
Japan,534
France,252
Australia,239
UK,467
UK,398
South Korea,382
Australia,309
France,597
France,594
USA,294
India,65
Japan,390
Brazil,427
South Korea,458
UK,309
Canada,175
France,43
France,73
South Korea,469
Brazil,529
Germany,359
France,472
South Korea,385
Brazil,355
France,564
Brazil,60
Germany,420
Germany,588
Australia,493
UK,453
Australia,241
Brazil,363
Canada,230
France,442
France,322
UK,369
Japan,322
Brazil,450
Japan,245
India,539
USA,442
Australia,479
UK,12
Brazil,60
UK,197
Australia,103
UK,18
South Korea,177
South Korea,354
Brazil,75
Brazil,590
Brazil,498
Australia,572
Germany,475
USA,375
UK,148
Canada,370
Germany,169
South Korea,372
India,194
South Korea,400
Canada,192
Australia,473
Japan,282
Brazil,148
India,295
Australia,396
USA,200
Brazil,95
France,103
Brazil,294
UK,539
Germany,360
India,355
Canada,381
UK,32
Brazil,114
Canada,326
USA,475
Germany,83
South Korea,479
Australia,104
France,51
Brazil,33
Brazil,491
Canada,499
UK,594
France,78
UK,480
Australia,164
France,255
Canada,198
South Korea,154
Japan,541
UK,435
UK,148
USA,263
Brazil,195
Brazil,89
UK,424
India,551
India,465
India,453
France,349
Brazil,537
France,154
India,61
South Korea,85
USA,467
France,134
USA,167
South Korea,590
UK,382
India,12
Japan,310
UK,30
France,45
France,474
Germany,471
France,225
Canada,233
Australia,115
India,133
Canada,576
Australia,91
India,90
India,426
UK,128
UK,236
Australia,422
India,349
Brazil,290
Australia,103
France,306
Germany,551
UK,455
Australia,409
Australia,554
Brazil,521
Canada,458
Brazil,12
Canada,411
India,227
Brazil,334
Germany,566
Japan,74
Australia,210
Germany,480
USA,14
France,13
South Korea,27
India,134
Australia,587
Brazil,44
Canada,247
USA,33
Japan,240
France,489
Japan,139
Brazil,127
Brazil,458
South Korea,275
France,343
USA,583
Australia,284
South Korea,534
France,523
UK,65
Canada,338
Brazil,329
Germany,535
South Korea,302
Japan,513
Brazil,318
India,25
South Korea,457
Brazil,379
Germany,13
Germany,504
Japan,125
South Korea,170
Canada,67
Japan,320
India,212
Germany,236
USA,15
Japan,402
South Korea,522
UK,437
Brazil,272
France,452
Canada,558
Brazil,406
USA,82
India,147
Brazil,435
France,339
India,232
UK,432
India,267
UK,232
Japan,425
Japan,178
UK,426
Germany,538
Germany,249
UK,110
UK,277
India,122
Germany,225
South Korea,105
South Korea,210
India,294
USA,328
UK,408
Brazil,212
South Korea,470
UK,153
Canada,180
South Korea,256
South Korea,484
USA,396
Australia,464
USA,23
Canada,179
USA,55
Japan,65
France,249
Australia,224
Australia,574
South Korea,464
France,354
UK,474
Japan,482
South Korea,352
USA,454
India,305
USA,130
France,271
Japan,376
UK,20
India,93
Brazil,60
India,183
India,198
South Korea,464
Japan,115
Germany,239
Japan,368
Germany,585
Australia,253
USA,75
Japan,30
Canada,112
USA,80
South Korea,311
Japan,201
USA,26
France,381
Japan,329
UK,39
Brazil,35
Brazil,180
South Korea,109
India,445
France,393
South Korea,232
Brazil,386
India,387
Brazil,188
France,270
South Korea,296
USA,543
USA,519
Japan,105
Australia,184
Brazil,238
Germany,589
Germany,37
USA,194
UK,248
Germany,475
France,370
South Korea,354
Japan,250
Australia,509
USA,47
Australia,597
Canada,472
USA,552
India,319
France,361
Canada,198
Germany,96
Germany,291
Japan,396
Japan,488
Japan,586
UK,470
UK,47
UK,469
India,399
Japan,48
Brazil,50
UK,510
Brazil,278
UK,235
USA,443
Germany,476
France,128
Australia,137
France,453
France,224
Canada,19
UK,340
India,332
South Korea,316
India,10
Australia,586
USA,460
Canada,95
UK,445
Germany,529
Australia,542
USA,414
Brazil,336
India,243
France,428
Australia,119
Brazil,290
Australia,590
UK,269
UK,175
Germany,250
Brazil,228
Germany,15
Japan,525
Canada,495
USA,256
UK,74
Germany,559
France,72
Canada,392
France,501
USA,233
Japan,544
France,231
India,160
Canada,269
Australia,130
India,110
France,503
South Korea,87
Japan,260
Canada,477
Brazil,509
France,555
Brazil,106
Japan,398
South Korea,566
India,62
Brazil,417
Germany,53
Canada,406
India,424
Germany,444
France,12
Germany,425
Germany,24
France,563
India,352
Canada,547
Brazil,293
USA,344
India,509
Germany,173
France,516
Japan,24
UK,276
Canada,245
Australia,66
India,474
UK,35
South Korea,554
France,336
Brazil,333
France,70
Canada,154
Australia,336
Brazil,367
USA,191
South Korea,591
Australia,82
Germany,129
Japan,228
UK,470
USA,165
India,401
South Korea,588
South Korea,26
India,281
USA,17
Japan,485
South Korea,560
Brazil,387
South Korea,10
Canada,520
UK,122
India,433
Brazil,328
Brazil,217
Germany,110
USA,493
Canada,122
Canada,577
Australia,412
UK,279
India,513
India,424
South Korea,257
Brazil,31
Germany,316
France,341
Canada,368
South Korea,346
South Korea,385
South Korea,105
Canada,265
South Korea,484
UK,558
Japan,29
Germany,402
India,68
Canada,572
Canada,487
France,289
USA,21
Australia,122
UK,137
India,493
India,355
South Korea,146
India,537
South Korea,599
India,369
Brazil,164
Germany,397
India,54
South Korea,548
Japan,584
Canada,30
India,82
France,83
USA,545
India,141
South Korea,484
Japan,74
Brazil,216
India,431
South Korea,182
Canada,250
Germany,527
Canada,163
France,122
South Korea,496
UK,471
Australia,88
South Korea,374
South Korea,551
Australia,86
Australia,282
Australia,218
UK,477
Australia,174
USA,265
South Korea,322
Brazil,314
France,52
UK,55
India,235
India,84
UK,14
UK,398
USA,155
Germany,573
Brazil,529
South Korea,175
Germany,68
USA,518
Australia,265
South Korea,245
Germany,591
India,347
South Korea,400
Brazil,228
UK,585
UK,543
Brazil,125
Australia,325
India,567
Australia,418
South Korea,168
South Korea,418
India,71
India,29
France,154
UK,80
South Korea,380
India,92
Brazil,491
Germany,189
Canada,369
Germany,83
Australia,536
USA,182
Canada,266
Australia,500
India,203
Australia,56
Germany,391
UK,237
UK,252
India,384
Germany,224
Australia,105
UK,317
Canada,110
Canada,528
India,333
Japan,118
France,377
Brazil,429
Canada,419
Japan,264
Canada,479
UK,135
South Korea,583
Australia,569
Japan,534
India,510
Japan,578
France,250
USA,522
Canada,371
Japan,531
India,583
Canada,568
France,469
Canada,110
India,101
South Korea,345
USA,317
Brazil,80
South Korea,171
Brazil,278
Brazil,288
France,198
USA,190
India,144
India,480
Japan,219
Australia,457
Australia,384
India,188
UK,558
South Korea,105
India,435
UK,174
Japan,253
Germany,161
France,530
Japan,380
USA,291
France,370
UK,12
Canada,519
France,571
USA,73
Germany,130
South Korea,233
Australia,34
Canada,354
Australia,248
South Korea,154
Canada,316
South Korea,339
Australia,404
UK,553
Canada,548
India,310
Canada,352
UK,147
Canada,111
Australia,516
Germany,462
Brazil,192
South Korea,243
Australia,141
USA,46
France,263
France,38
Japan,259
Australia,243
USA,354
South Korea,365
Australia,593
Brazil,394
Japan,400
Canada,87
Brazil,578
Brazil,44
France,397
South Korea,517
UK,97
South Korea,520
France,196
France,302
Canada,407
Australia,380
Japan,535
India,207
UK,428
South Korea,425
USA,162
Canada,269
Germany,12
Australia,402
Australia,442
Australia,53
South Korea,146
Japan,142
USA,388
India,385
USA,68
Germany,129
India,358
Germany,408
India,149
Australia,17
UK,352
USA,230
Australia,600
Germany,484
India,430
India,272
South Korea,580
Japan,67
Brazil,399
Brazil,309
Canada,113
Germany,213
Canada,268
Germany,112
South Korea,420
France,217
India,139
UK,110
Germany,38
Canada,38
Australia,160
Canada,563
Canada,545
South Korea,589
Brazil,256
France,164
Japan,523
USA,312
USA,181
Canada,558
Germany,143
South Korea,206
UK,518
Japan,534
Canada,334
Australia,482
Japan,555
South Korea,480
Canada,169
UK,367
USA,417
Germany,414
Brazil,68
India,500
South Korea,196
Japan,453
Japan,362
USA,125
UK,393
Germany,413
France,295
USA,274
France,138
Australia,164
Japan,353
Brazil,287
Canada,426
Germany,551
Brazil,45
Brazil,466
Japan,111
Canada,45
Australia,62
USA,286
India,79
UK,182
India,116
USA,69
Canada,568
UK,48
Brazil,215
South Korea,600
Australia,294
Japan,30
Brazil,528
India,544
Japan,444
Australia,72
France,307
Canada,467
France,540
Australia,240
Australia,399
France,64
Japan,346
Canada,528
Germany,242
France,139
France,531
Canada,78
Brazil,307
Germany,298
France,449
India,284
Canada,244
South Korea,538
Brazil,348
India,508
Japan,509
Canada,215
South Korea,556
UK,100
India,216
Japan,351
France,301
India,82
South Korea,184
India,576
France,472
Japan,106
France,395
France,458
India,475
Canada,353
South Korea,259
Canada,377
Japan,31
Germany,27
Germany,376
India,471
USA,298
Japan,289
France,69
France,354
USA,571
Australia,568
Japan,440
Germany,411
Japan,390
Japan,413
UK,401
France,419
South Korea,449
India,126
Brazil,283
Japan,25
Japan,356
South Korea,438
Germany,514
UK,590
Canada,421
South Korea,386
USA,47
USA,389
Canada,486
Brazil,466
India,347
USA,258
Japan,79
Brazil,317
Canada,500
USA,295
India,303
France,163
India,469
UK,114
Australia,471
India,176
Brazil,69
Brazil,209
UK,476
Canada,478
Brazil,103
France,566
France,122
France,314
Canada,361
Brazil,141
Germany,596
Australia,344
South Korea,459
UK,208
France,131
UK,41
Canada,17
USA,408
USA,160
USA,288
USA,321
Japan,538
Japan,214
South Korea,190
South Korea,551
Brazil,15
USA,174
Brazil,268
South Korea,355
South Korea,513
India,444
India,586
India,108
Japan,465
USA,376
Japan,297
Japan,46
Germany,403
USA,549
Brazil,149
Japan,152
Japan,114
Germany,362
Australia,20
USA,332
Japan,284
USA,17
South Korea,238
Canada,491
South Korea,64
India,352
France,258
USA,143
Brazil,578
Australia,107
Australia,305
Canada,279
Brazil,566
India,567
USA,86
India,509
India,540
Japan,217
France,205
India,485
UK,119
Canada,152
Japan,550
Japan,235
France,426
India,168
Brazil,343
USA,475
France,186
India,48
South Korea,570
UK,480
Canada,10
Germany,565
Brazil,403
Germany,555
Brazil,340
India,45
Australia,312
India,591
Japan,201
USA,107
India,91
UK,125
UK,220
France,564
UK,59
South Korea,19
Japan,82
Australia,114
USA,432
Japan,431
South Korea,600
UK,250
UK,302
UK,473
Canada,391
Japan,217
USA,428
Australia,549
Canada,222
Canada,564
Brazil,102
Canada,176
UK,137
Germany,417
Germany,348
Japan,395
Japan,412
Canada,138
South Korea,166
Australia,593
Germany,592
USA,563
Japan,266
USA,169
Canada,26
USA,261
Japan,536
India,334
South Korea,517
Canada,92
Australia,583
UK,410
Germany,351
UK,424
Canada,111
USA,433
Australia,394
South Korea,328
UK,426
France,495
South Korea,445
India,81
Japan,153
Australia,130
Germany,513
USA,20
Germany,43
USA,113
Brazil,459
Australia,29
Japan,133
France,437
Canada,201
Japan,155
Brazil,77
UK,203
India,43
France,164
South Korea,317
South Korea,317
France,17
Brazil,124
UK,529
Japan,407
USA,174
Germany,83
Canada,110
Japan,259
Japan,448
France,487
France,566
Japan,565
Brazil,262
Japan,359
South Korea,47
Australia,368
UK,216
Germany,600
Canada,201
South Korea,143
France,383
Australia,537
South Korea,387
Japan,19
Japan,214
Canada,505
UK,490
Australia,590
Japan,502
USA,375
France,19
Germany,209
Germany,254
Australia,559
Canada,431
Australia,131
Canada,263
Canada,269
Brazil,399
Australia,506
Australia,543
Canada,291
Japan,298
Canada,238
Japan,541
Australia,122
Brazil,18
Japan,308
Germany,62
UK,382
Brazil,268
Germany,365
India,390
USA,167
Germany,238
Germany,366
Japan,242
Australia,267
Canada,398
Australia,585
France,275
Canada,291
Canada,565
Australia,446
India,43
USA,187
USA,597
USA,392
Brazil,130
India,91
USA,483
India,148
India,208
Australia,213
UK,537
South Korea,118
Canada,243
USA,308
Brazil,581
Japan,120
USA,363
India,176
India,382
South Korea,168
Australia,94
Japan,596
UK,429
Canada,592
Japan,491
Germany,342
Brazil,188
Australia,118
UK,197
Brazil,135
France,295
France,332
UK,270
Australia,294
Brazil,585
UK,440
South Korea,152
India,194
Germany,570
Brazil,113
India,25
Brazil,431
Canada,407
Canada,185
Australia,427
Canada,533
Japan,571
UK,275
Canada,303
France,146
Brazil,170
Brazil,217
Japan,292
Canada,346
Australia,508
Japan,240
Australia,296
Japan,307
Brazil,498
Brazil,419
Japan,585
Brazil,174
South Korea,471
USA,595
UK,364
Australia,427
UK,66
Japan,293
Japan,584
Brazil,417
Japan,572
France,287
South Korea,568
UK,97
Australia,140
Japan,36
Brazil,163
Canada,279
Brazil,80
France,360
France,74
Canada,44
India,198
Australia,188
India,512
Australia,494
Germany,394
USA,576
Brazil,132
Germany,471
South Korea,284
France,350
Canada,293
South Korea,498
Japan,406
India,128
India,516
Japan,446
USA,418
Germany,502
Brazil,246
India,327
Brazil,484
Germany,224
South Korea,355
India,125
Canada,174
UK,298
Germany,215
USA,445
Canada,321
South Korea,148
Canada,400
UK,348
Australia,46
India,277
South Korea,220
Japan,277
Germany,116
UK,407
Japan,112
South Korea,43
France,160
India,106
Japan,86
UK,573
India,187
Germany,168
Australia,120
France,548
South Korea,335
UK,501
Brazil,243
Australia,230
Brazil,513
UK,508
UK,381
Japan,148
Brazil,445
India,246
USA,302
USA,525
Australia,341
France,564
France,170
Australia,330
UK,96
France,463
UK,25
Australia,324
India,336
UK,50
India,86
Japan,572
Brazil,114
Germany,431
South Korea,28
India,140
France,459
Canada,505
Canada,356
Canada,546
Brazil,143
Germany,584
Japan,210
Germany,74
France,410
Japan,531
South Korea,164
UK,223
South Korea,308
USA,76
UK,133
Japan,35
UK,451
Australia,203
Brazil,208
UK,123
USA,322
Japan,558
Brazil,462
UK,329
South Korea,589
Australia,430
France,420
Japan,175
Germany,547
Canada,145
UK,68
India,335
Brazil,59
Australia,275
Germany,189
Japan,415
Brazil,552
Brazil,410
USA,476
UK,22
South Korea,477
Canada,264
Brazil,306
Canada,473
UK,362
Japan,541
Australia,482
France,342
Australia,448
South Korea,319
France,226
UK,555
Canada,57
Japan,400
Australia,575
Japan,37
Australia,438
Japan,190
Canada,547
India,75
India,58
Australia,434
UK,355
Canada,584
UK,235
Germany,586
Canada,411
Japan,454
France,202
India,342
France,111
Japan,256
Australia,180
Canada,98
Japan,291
Germany,563
France,334
India,539
Brazil,488
Canada,515
Brazil,385
Germany,409
Brazil,349
South Korea,335
Japan,192
South Korea,116
UK,56
France,563
India,591
Canada,451
Brazil,186
Japan,421
Canada,75
Japan,343
South Korea,216
Australia,548
South Korea,486
France,148
France,153
Brazil,202
Brazil,521
USA,171
Canada,442
India,367
Brazil,503
UK,483
USA,565
USA,519
UK,569
USA,581
USA,181
Canada,201
USA,332
India,313
France,461
UK,163
Brazil,542
UK,467
France,585
Australia,240
Canada,290
USA,280
UK,467
USA,587
Japan,374
France,426
Australia,54
Brazil,325
USA,234
France,520
Germany,221
India,129
South Korea,282
Germany,480
India,302
India,501
Germany,347
USA,172
Germany,270
Australia,276
France,133
Australia,427
Australia,538
India,390
India,367
Australia,301
USA,160
Brazil,420
India,154
USA,199
Canada,204
France,524
India,131
Germany,416
Canada,522
USA,400
South Korea,76
France,356
France,437
Brazil,267
India,588
France,108
Germany,304
Japan,255
South Korea,495
France,329
France,41
India,171
Japan,338
UK,576
Australia,353
Brazil,119
South Korea,356
Brazil,505
France,306
India,584
France,591
India,600
Japan,325
Germany,503
USA,332
Canada,202
India,359
Japan,579
Canada,57
Canada,152
France,447
USA,400
Brazil,277
Australia,131
France,449
UK,258
India,556
Germany,230
Japan,504
South Korea,579
Brazil,554
Japan,489
Canada,42
UK,473
Japan,289
USA,144
France,246
South Korea,470
South Korea,429
Germany,27
Japan,515
UK,524
Germany,439
Canada,124
South Korea,36
Canada,384
UK,106
Japan,140
Germany,38
India,218
South Korea,89
France,74
Brazil,55
Canada,455
Japan,291
India,439
Canada,331
Australia,493
Brazil,393
Brazil,133
USA,79
South Korea,262
Japan,192
South Korea,510
India,214
France,70
Germany,97
France,127
UK,442
India,468
France,534
Germany,475
UK,21
France,330
Brazil,77
France,283
France,434
UK,21
Canada,516
Germany,288
South Korea,555
Brazil,331
USA,251
USA,87
India,232
Japan,443
Brazil,119
Canada,41
France,246
UK,282
France,397
India,59
Australia,585
Brazil,117
South Korea,27
Brazil,81
Canada,386
India,138
India,80
France,373
Germany,340
South Korea,231
South Korea,415
UK,145
India,351
France,304
Germany,252
Germany,462
India,27
UK,92
Canada,431
France,368
Canada,75
USA,51
UK,28
France,135
Brazil,156
Australia,354
Japan,171
France,468
USA,452
USA,296
Germany,151
Canada,192
Canada,149
Germany,471
USA,101
South Korea,159
Canada,296
USA,26
Germany,597
Japan,595
Brazil,84
Japan,397
Japan,138
USA,552
India,528
Germany,166
Japan,71
USA,228
USA,593
Brazil,501
France,205
Canada,135
Brazil,234
India,430
Germany,599
Japan,440
Japan,590
Brazil,72
South Korea,438
Japan,102
India,152
Brazil,400
India,527
Canada,371
USA,227
India,519
Germany,87
Canada,208
UK,270
Brazil,108
South Korea,344
Japan,145
France,216
South Korea,397
Australia,37
France,567
Germany,323
Brazil,99
UK,196
India,488
Germany,524
India,21
Japan,389
Japan,27
Canada,453
Australia,573
Brazil,430
Canada,598
Germany,258
UK,339
Japan,546
Australia,419
Canada,39
Germany,428
Australia,591
Australia,80
South Korea,352
France,599
Japan,427
France,168
Japan,95
South Korea,183
USA,17
USA,136
India,117
Germany,588
USA,18
USA,459
Germany,538
Brazil,96
France,110
Brazil,335
Germany,571
USA,379
Brazil,26
Australia,284
USA,373
UK,398
South Korea,52
Canada,313
Japan,571
India,480
Canada,31
UK,542
South Korea,480
India,148
South Korea,13
India,453
France,45
Germany,494
Germany,308
Australia,506
South Korea,133
South Korea,593
Germany,48
South Korea,77
France,590
Australia,518
Australia,425
Canada,495
Australia,386
Australia,570
Canada,216
Japan,505
UK,425
South Korea,94
France,275
Canada,22
France,264
India,498
Canada,574
UK,380
Brazil,150
UK,467
Australia,127
South Korea,10
UK,86
Germany,544
Brazil,44
South Korea,399
UK,299
France,277
South Korea,419
UK,388
Germany,196
Canada,386
India,450
India,503
India,536
India,118
South Korea,170
Japan,225
USA,438
USA,348
UK,172
India,269
Australia,503
Canada,302
South Korea,519
India,108
Japan,310
USA,364
Japan,292
Germany,128
France,355
USA,190
France,380
Australia,116
Brazil,198
Australia,117
UK,39
Japan,408
Canada,152
Brazil,366
Germany,358
USA,470
Germany,529
France,542
UK,250
Australia,235
France,557
France,441
Japan,505
Japan,207
Canada,289
Germany,320
UK,113
Canada,381
Germany,359
France,464
Canada,404
India,193
Canada,421
Japan,117
Germany,259
Japan,48
Canada,360
Canada,13
Australia,54
UK,451
Germany,260
Germany,380
France,307
Japan,93
Canada,276
Japan,199
Germany,45
USA,558
India,94
Australia,229
UK,509
Germany,311
South Korea,269
UK,190
Canada,580
Canada,265
South Korea,457
UK,259
Canada,408
Canada,22
Germany,196
France,179
Australia,550
Japan,91
UK,278
India,533
Canada,60
USA,384
Japan,233
Brazil,81
Germany,340
Australia,566
USA,471
France,227
USA,398
France,12
USA,598
Brazil,480
Japan,37
Canada,273
India,358
Japan,347
India,557
Brazil,306
UK,496
Brazil,187
Japan,381
Japan,82
Canada,550
Germany,316
India,272
Germany,216
USA,328
Australia,68
Germany,192
Brazil,379
Brazil,570
South Korea,359
Australia,588
Japan,51
South Korea,549
South Korea,595
Canada,298
France,87
Canada,420
India,387
Germany,85
Germany,314
South Korea,567
Germany,466
India,256
Brazil,553
USA,454
Japan,31
India,472
Japan,256
Canada,43
UK,448
USA,464
Canada,24
Canada,116
Canada,333
Australia,47
Germany,336
USA,204
South Korea,161
Canada,336
Canada,237
Brazil,563
South Korea,528
France,257
France,231
Brazil,66
UK,592
Australia,339
Japan,449
France,398
Australia,432
Japan,598
South Korea,36
UK,501
France,16
India,418
South Korea,313
USA,82
France,438
Brazil,332
Germany,429
South Korea,338
France,385
Japan,379
South Korea,424
Brazil,99
Japan,102
UK,191
Australia,574
India,196
Brazil,566
South Korea,175
Germany,501
Australia,264
Germany,174
UK,453
USA,326
Japan,147
France,335
Germany,582
India,538
South Korea,344
Germany,352
UK,123
Canada,207
Canada,391
South Korea,596
South Korea,500
Australia,322
UK,146
South Korea,168
Canada,397
Brazil,243
USA,239
USA,154
South Korea,156
UK,266
France,528
UK,177
India,551
Canada,33
France,531
UK,582
India,37
India,177
France,524
Brazil,70
South Korea,127
Brazil,61
Australia,566
UK,427
Germany,34
Canada,531
UK,434
France,532
France,524
Japan,159
Germany,348
France,31
France,146
India,297
Canada,268
Brazil,293
France,567
Canada,453
USA,402
India,318
France,514
South Korea,444
France,320
Brazil,567
South Korea,263
Canada,16
Japan,523
Japan,503
India,320
UK,152
Brazil,525
Germany,42
Germany,80
Australia,264
France,172
France,181
Australia,92
Brazil,36
France,269
USA,54
USA,239
South Korea,430
USA,549
Australia,510
South Korea,387
South Korea,223
Brazil,200
Japan,433
Germany,174
Germany,449
Canada,141
USA,156
South Korea,267
France,100
Brazil,397
USA,589
Australia,140
Brazil,58
France,78
Australia,441
France,111
Japan,543
Brazil,507
South Korea,583
France,471
Australia,534
Germany,536
Japan,293
Australia,446
Australia,188
South Korea,525
India,333
Japan,393
Germany,432
Brazil,169
France,378
France,419
Canada,231
Brazil,253
South Korea,70
Brazil,315
UK,285
South Korea,321
Australia,342
Australia,89
France,422
India,466
Australia,372
France,83
Japan,477
Japan,431
Brazil,90
UK,285
India,569
Germany,418
Brazil,284
USA,316
Germany,384
Canada,126
Germany,277
USA,405
India,563
UK,376
Germany,533
Brazil,306
UK,538
Germany,418
France,165
India,403
Germany,394
Australia,299
UK,32
Canada,308
UK,365
South Korea,478
Japan,504
Australia,392
Brazil,356
UK,129
India,105
Australia,446
USA,321
Australia,246
South Korea,267
South Korea,333
USA,230
Brazil,191
Japan,121
UK,597
USA,316
Canada,12
South Korea,470
UK,564
India,407
UK,218
Germany,433
France,211
USA,78
USA,17
Japan,243
Australia,350
Brazil,14
Germany,472
Australia,362
India,141
India,302
Japan,59
Brazil,518
Germany,598
USA,484
India,67
Brazil,551
UK,54
Germany,309
Australia,498
Canada,217
Canada,507
Canada,128
India,105
Australia,414
UK,492
USA,547
USA,517
Brazil,231
South Korea,412
USA,182
Germany,423
Japan,25
Japan,35
Brazil,183
Canada,227
Japan,589
Germany,448
USA,115
Japan,474
India,577
France,152
Germany,455
USA,131
Germany,290
Canada,278
Brazil,126
USA,10
Japan,459
Canada,342
France,185
Canada,549
Brazil,81
Japan,312
UK,246
Australia,149
Japan,564
France,406
Canada,343
Germany,484
South Korea,273
India,393
France,224
South Korea,33
USA,514
Brazil,549
UK,537
UK,536
Australia,504
Canada,566
South Korea,511
Brazil,336
USA,200
South Korea,254
Germany,337
Japan,562
Australia,568
UK,480
USA,254
India,423
South Korea,506
UK,500
UK,470
Brazil,241
Brazil,551
UK,350
UK,254
Canada,506
Germany,546
Germany,103
Canada,96
USA,574
Germany,231
France,361
Germany,244
Brazil,15
India,580
Germany,29
Germany,412
Germany,215
Australia,101
France,165
Japan,123
South Korea,378
Brazil,383
Germany,280
Brazil,394
UK,435
UK,97
USA,67
Germany,325
USA,395
USA,378
Canada,80
Germany,258
USA,535
India,111
Germany,490
Australia,29
UK,423
Australia,364
India,199
Australia,596
Brazil,183
France,166
Japan,478
Germany,435
UK,199
South Korea,217
India,594
Australia,31
Japan,269
Japan,247
Germany,83
France,577
Canada,556
India,124
USA,384
UK,271
Australia,416
France,511
Canada,163
Germany,547
USA,110
Brazil,122
South Korea,155
UK,275
Brazil,494
USA,211
UK,265
UK,28
India,28
Japan,337
Australia,483
USA,231
UK,405
Germany,482
Brazil,598
Germany,404
Australia,485
South Korea,50
Germany,329
France,15
Germany,177
Japan,174
South Korea,375
Canada,503
France,428
Canada,91
Brazil,569
Canada,441
India,578
UK,510
Australia,488
Brazil,488
Japan,216
South Korea,171
Germany,416
India,579
UK,14
Brazil,380
Brazil,573
Australia,93
Canada,186
UK,358
Australia,507
UK,357
Canada,119
Brazil,179
USA,508
India,82
India,33
Japan,558
Germany,131
USA,562
South Korea,199
South Korea,32
Germany,52
Japan,175
South Korea,421
France,571
India,48
USA,282
UK,374
UK,166
South Korea,596
Japan,301
UK,424
Germany,154
USA,321
Australia,298
Japan,475
USA,197
India,345
Canada,162
Germany,521
USA,114
Brazil,274
Australia,296
Brazil,374
Canada,600
UK,135
France,319
Canada,533
Australia,283
UK,515
Japan,220
UK,120
South Korea,83
Japan,330
South Korea,245
USA,266
Canada,387
Australia,458
South Korea,132
Australia,587
Japan,378
Germany,464
Australia,179
USA,128
Brazil,215
Brazil,426
Japan,23
Brazil,125
USA,61
India,299
India,302
South Korea,401
Japan,118
France,15
India,322
South Korea,221
Germany,567
Germany,585
USA,360
Germany,209
India,546
Brazil,28
France,167
Brazil,458
South Korea,245
Germany,174
France,294
Germany,21
France,47
Brazil,495
USA,136
Australia,228
Australia,472
Germany,547
Australia,72
Brazil,212
Japan,245
USA,327
Canada,35
Germany,21
USA,537
Germany,535
France,207
Brazil,225
Brazil,219
Brazil,551
UK,407
Canada,332
USA,495
UK,544
UK,346
India,317
South Korea,393
Germany,171
UK,38
UK,278
France,157
France,571
India,473
India,96
India,81
France,39
France,253
UK,24
UK,481
South Korea,393
Canada,53
Canada,99
Australia,558
South Korea,532
Brazil,597
Brazil,389
Japan,493
Australia,36
USA,339
Brazil,23
Brazil,368
Brazil,369
UK,525
Japan,334
Australia,391
UK,275
South Korea,74
Brazil,226
Brazil,152
USA,238
India,28
Canada,494
USA,39
Brazil,336
UK,314
UK,111
India,362
South Korea,229
South Korea,350
Japan,254
USA,496
France,416
Australia,600
South Korea,527
India,194
UK,429
USA,100
Japan,189
South Korea,431
UK,248
South Korea,181
Australia,491
Canada,204
Japan,572
India,97
Germany,472
Australia,219
Canada,315
France,387
Brazil,579
Australia,422
USA,513
Brazil,249
South Korea,264
USA,243
Canada,268
Japan,176
Australia,157
South Korea,258
Canada,15
Canada,277
USA,164
Australia,539
UK,314
Australia,144
India,183
South Korea,263
USA,78
France,299
Japan,19
France,211
Germany,194
USA,98
South Korea,310
Australia,15
Japan,287
Australia,429
Australia,27
India,213
UK,201
Australia,558
USA,392
USA,597
India,495
South Korea,501
Germany,385
India,485
France,473
UK,550
India,537
India,483
Germany,389
Japan,70
France,165
Canada,395
Canada,297
France,337
Australia,258
Canada,385
USA,336
USA,527
South Korea,501
Germany,273
Brazil,398
India,288
Canada,174
Australia,42
Brazil,482
Brazil,33
Brazil,504
Japan,516
Canada,337
France,483
France,521
Brazil,200
USA,339
Brazil,29
Brazil,578
Germany,465
Brazil,46
France,483
USA,528
Australia,379
South Korea,10
France,576
France,577
South Korea,366
France,27
Japan,438
South Korea,356
UK,74
India,135
USA,184
UK,577
UK,15
India,137
Japan,144
South Korea,481
Australia,185
India,596
Germany,349
South Korea,408
USA,43
France,394
India,188
Germany,92
Brazil,132
South Korea,282
Australia,385
India,166
UK,514
Australia,32
India,563
Canada,486
Australia,251
Brazil,355
Australia,98
South Korea,308
Australia,92
France,170
Australia,50
Brazil,337
India,31
Brazil,275
France,332
France,328
India,172
South Korea,139
Canada,117
Australia,273
Brazil,569
Japan,598
UK,469
Australia,158
USA,593
Australia,143
Brazil,177
India,489
India,336
Brazil,19
Japan,202
Canada,444
USA,544
France,120
Japan,549
France,423
India,121
South Korea,266
South Korea,20
Canada,176
France,41
Japan,68
France,304
Australia,317
Australia,345
Brazil,418
UK,522
Canada,167
India,32
France,352
Canada,123
Japan,409
South Korea,238
USA,211
Brazil,184
Australia,37
Australia,428
Australia,73
UK,407
France,166
UK,316
South Korea,454
France,350
India,147
Germany,118
UK,509
Australia,161
Brazil,344
UK,40
France,324
Brazil,94
India,407
Brazil,362
India,340
Canada,53
Australia,412
Japan,388
Brazil,173
USA,119
Australia,422
India,81
USA,257
USA,475
South Korea,249
France,578
USA,426
Brazil,73
Japan,572
Canada,44
Germany,336
France,416
Australia,291
Japan,303
Canada,162
Germany,268
South Korea,91
Japan,401
Brazil,172
Australia,333
France,126
France,370
Germany,480
Canada,211
South Korea,66
USA,164
Japan,203
Australia,14
UK,41
Canada,331
USA,211
Canada,56
Australia,411
South Korea,394
Japan,20
USA,422
Japan,263
France,539
South Korea,301
UK,305
USA,249
Germany,577
France,320
France,270
UK,259
Brazil,285
South Korea,450
India,133
UK,365
Canada,65
South Korea,101
UK,349
UK,475
UK,71
India,417
South Korea,322
USA,422
UK,130
UK,260
India,413
Germany,364
Germany,316
USA,308
Canada,509
Japan,592
France,517
Brazil,532
France,187
South Korea,554
Brazil,557
Germany,535
India,520
India,24
France,502
Japan,64
UK,30
Germany,177
Brazil,92
USA,581
Japan,177
Japan,526
Canada,574
Germany,345
UK,517
France,463
Germany,435
South Korea,303
UK,431
India,420
USA,358
Australia,356
Canada,147
Japan,55
South Korea,246
Brazil,577
Australia,240
USA,467
UK,535
South Korea,331
France,30
South Korea,400
UK,43
Australia,495
UK,183
UK,404
Brazil,509
Germany,332
Japan,168
Canada,595
India,275
Japan,167
Japan,327
Canada,563
Brazil,494
Japan,321
Japan,422
South Korea,69
Germany,339
France,108
Brazil,491
Brazil,105
Germany,403
USA,325
Japan,493
Brazil,79
Japan,600
UK,263
Canada,569
UK,284
France,459
USA,485
USA,568
USA,317
USA,393
Australia,25
Brazil,248
South Korea,450
UK,331
South Korea,555
Canada,466
Japan,585
Brazil,522
Brazil,330
South Korea,284
France,444
Japan,473
Japan,185
India,25
Canada,555
Brazil,391
South Korea,582
Germany,588
UK,154
India,252
South Korea,521
USA,442
UK,411
Japan,399
UK,152
South Korea,514
Australia,341
Germany,62
USA,286
Germany,385
Japan,190
Brazil,470
Japan,78
South Korea,412
India,108
India,481
Brazil,537
France,439
India,487
South Korea,192
Germany,57
Australia,354
South Korea,343
UK,55
Brazil,247
Australia,470
Australia,226
Canada,527
South Korea,509
USA,295
Brazil,224
USA,567
UK,166
USA,436
Australia,222
USA,396
Canada,478
Canada,241
Australia,166
Germany,472
Germany,235
Australia,220
India,578
UK,309
USA,258
South Korea,409
Brazil,536
USA,541
Brazil,68
Brazil,216
UK,360
Australia,71
Germany,391
Canada,429
Canada,272
South Korea,471
France,38
Canada,341
Australia,319
USA,22
Japan,179
India,309
Japan,45
UK,377
Brazil,438
Brazil,70
Canada,27
Germany,102
Brazil,148
Brazil,589
Brazil,330
South Korea,579
South Korea,318
Germany,384
Japan,114
South Korea,501
Canada,210
Australia,301
Brazil,541
Canada,28
South Korea,173
France,579
South Korea,341
Germany,255
South Korea,148
USA,239
South Korea,371
South Korea,328
Canada,267
USA,377
India,98
Canada,158
Germany,165
Brazil,68
UK,437
South Korea,206
Canada,367
Japan,399
USA,73
South Korea,152
Japan,168
Canada,239
South Korea,315
Japan,360
Australia,446
India,126
Japan,493
Canada,76
Brazil,130
Brazil,58
South Korea,209
Canada,553
Japan,50
Japan,335
Germany,364
Australia,501
Canada,186
Brazil,482
Canada,312
Germany,31
USA,325
Brazil,372
Canada,536
South Korea,380
Australia,554
Australia,386
Japan,377
Brazil,486
South Korea,72
South Korea,43
India,482
South Korea,349
Germany,499
France,595
South Korea,247
India,304
South Korea,591
India,124
South Korea,327
Japan,30
France,11
Canada,15
India,93
India,253
UK,23
UK,452
Australia,334
Canada,556
Australia,267
France,33
USA,366
USA,359
Brazil,251
Canada,514
USA,431
India,522
USA,320
Japan,481
UK,127
Germany,123
India,341
France,221
Germany,405
Australia,202
Australia,185
South Korea,62
South Korea,224
USA,104
UK,44
India,542
Brazil,160
Canada,599
UK,58
Australia,492
South Korea,101
Canada,391
USA,25
UK,243
USA,511
Australia,453
Australia,262
France,189
Australia,179
Japan,364
Brazil,395
Brazil,426
Germany,478
Brazil,555
UK,87
Australia,278
Brazil,441
Australia,268
USA,245
Canada,49
France,27
Germany,211
India,513
India,84
Japan,523
South Korea,550
South Korea,174
Australia,517
UK,545
Australia,207
Australia,43
France,448
Brazil,128
Germany,157
Japan,598
India,586
Japan,278
Germany,211
Brazil,456
USA,197
South Korea,420
Australia,322
India,542
Australia,398
USA,578
USA,101
Germany,80
France,559
Australia,190
South Korea,386
South Korea,234
Brazil,467
USA,372
Brazil,450
UK,22
Brazil,428
Japan,382
UK,65
UK,280
UK,69
India,294
Australia,235
Brazil,221
USA,148
Brazil,249
South Korea,188
South Korea,512
South Korea,501
USA,247
Germany,336
UK,459
Australia,102
France,276
Japan,477
India,427
Brazil,200
India,400
South Korea,69
India,341
USA,501
Brazil,385
Brazil,225
Canada,199
Canada,143
Japan,489
Australia,436
Australia,404
France,576
France,357
USA,599
UK,491
India,183
Japan,140
UK,537
USA,15
France,367
India,497
Canada,373
India,212
Canada,154
Germany,546
Canada,13
USA,108
USA,351
UK,540
UK,388
Germany,554
Germany,381
UK,391
Germany,453
Canada,383
UK,378
South Korea,577
India,518
India,579
USA,211
USA,501
Germany,199
Canada,417
South Korea,265
USA,29
Brazil,111
India,206
South Korea,183
USA,320
Japan,284
France,246
USA,491
France,23
USA,293
India,240
Australia,115
South Korea,274
Brazil,266
USA,208
Germany,146
France,543
Canada,98
UK,419
Japan,468
USA,161
Australia,505
Japan,153
Germany,161
Brazil,276
Brazil,124
Japan,498
Japan,522
Australia,251
India,145
Germany,301
France,293
UK,333
South Korea,206
Brazil,176
Brazil,400
UK,33
USA,458
Australia,368
Brazil,439
UK,286
France,385
UK,471
Japan,399
Australia,273
Germany,474
Germany,380
UK,346
USA,363
Brazil,62
Brazil,148
Germany,380
Australia,330
Brazil,376
India,268
Germany,216
South Korea,318
Brazil,314
Canada,92
UK,440
South Korea,144
Japan,269
South Korea,25
India,423
Japan,204
Australia,549
Australia,511
UK,135
Germany,569
Brazil,72
Australia,358
France,568
USA,294
UK,270
Germany,39
Brazil,211
France,359
South Korea,144
USA,145
Australia,334
Japan,145
Japan,359
Germany,386
UK,53
Australia,62
Canada,570
Canada,161
UK,388
France,363
South Korea,434
France,19
UK,375
Japan,419
Japan,15
India,100
India,252
USA,105
Japan,581
USA,206
Japan,441
UK,205
France,451
Germany,534
Japan,256
India,238
Germany,338
USA,273
USA,152
South Korea,214
Brazil,197
USA,56
UK,521
Brazil,278
France,285
USA,114
Canada,276
Australia,532
South Korea,44
India,530
Japan,158
France,173
Germany,27
UK,443
Australia,582
Australia,443
Germany,70
India,65
USA,504
Brazil,286
Canada,403
Canada,356
Australia,233
Australia,166
USA,239
Australia,489
Canada,23
Germany,460
Australia,445
Canada,507
France,199
USA,278
India,26
Brazil,166
UK,114
USA,487
UK,172
Australia,358
UK,47
Brazil,471
France,551
Germany,482
Japan,39
Germany,152
Brazil,301
USA,148
Japan,503
Japan,22
Brazil,148
Australia,494
India,85
Germany,141
Canada,376
Japan,88
Canada,431
India,153
South Korea,34
South Korea,428
France,250
Germany,307
Brazil,207
Australia,439
UK,511
India,224
Australia,318
Canada,518
France,159
Japan,111
UK,290
France,55
Canada,392
India,15
France,257
South Korea,592
South Korea,26
India,175
South Korea,450
Germany,11
Brazil,82
USA,289
Germany,593
South Korea,239
Japan,63
Japan,245
Brazil,44
Brazil,253
UK,242
Australia,354
Australia,314
France,381
USA,590
Germany,182
Australia,458
UK,313
Germany,223
Canada,180
UK,263
Germany,167
Canada,289
Brazil,415
South Korea,488
UK,108
UK,467
UK,13
France,371
South Korea,257
USA,590
India,455
France,110
UK,437
India,507
Canada,445
UK,382
USA,421
India,467
India,464
Germany,549
India,332
UK,353
Brazil,225
Japan,397
France,600
Brazil,326
India,366
UK,116
Australia,451
Germany,559
Australia,457
UK,377
Germany,210
USA,367
Germany,527
Australia,211
South Korea,332
India,154
Brazil,560
Australia,20
Japan,538
France,433
France,205
UK,79
Japan,469
Germany,186
Brazil,389
Brazil,280
UK,363
France,370
South Korea,445
Canada,440
Canada,280
France,330
UK,381
South Korea,368
Japan,442
Germany,198
Brazil,325
USA,352
France,101
Canada,162
Brazil,514
Australia,341
India,55
South Korea,348
UK,264
India,206
India,351
Australia,450
Canada,446
USA,149
Australia,543
Brazil,375
Australia,201
Germany,23
India,224
USA,36
USA,24
UK,581
Canada,335
India,286
Germany,283
South Korea,371
Australia,102
Canada,393
Japan,121
Australia,433
Germany,402
Japan,385
USA,487
India,477
Japan,421
India,118
France,156
France,387
South Korea,41
India,459
France,244
Canada,254
USA,405
India,554
France,469
Brazil,46
UK,496
Germany,506
Australia,389
Brazil,351
USA,439
France,492
Japan,277
USA,177
Brazil,362
India,353
Japan,185
Canada,600
USA,245
Australia,459
South Korea,344
South Korea,56
UK,564
Canada,563
Germany,13
Germany,245
Germany,375
USA,197
Germany,218
Germany,310
UK,12
Australia,182
Brazil,463
South Korea,596
South Korea,496
Brazil,207
Canada,538
Canada,153
Canada,572
Australia,108
Brazil,537
India,290
Canada,586
Canada,48
Brazil,190
UK,359
UK,87
Germany,195
India,597
Germany,469
Canada,353
Japan,313
South Korea,149
India,346
France,424
USA,156
Germany,51
France,426
Australia,323
UK,498
Germany,248
France,239
India,473
Brazil,224
Japan,553
South Korea,97
South Korea,532
India,70
Australia,373
Australia,500
USA,594
Brazil,362
Brazil,215
South Korea,369
Canada,113
India,279
Germany,230
Australia,62
UK,398
France,79
India,459
Japan,448
South Korea,449
South Korea,541
UK,253
South Korea,143
France,379
India,417
Australia,419
Canada,348
South Korea,240
South Korea,302
Brazil,274
Germany,40
UK,562
South Korea,389
Canada,516
Australia,338
UK,212
France,592
Germany,574
Brazil,407
France,571
UK,28
Japan,408
Australia,192
UK,530
South Korea,188
France,478
USA,109
USA,46
Canada,141
South Korea,499
Germany,489
Canada,555
France,16
India,198
UK,107
France,11
Canada,592
Japan,421
Japan,462
Germany,252
France,446
Australia,269
France,481
Canada,591
India,387
South Korea,314
South Korea,176
Germany,56
Germany,14
USA,38
UK,247
Japan,354
India,54
Germany,26
Brazil,459
France,14
Japan,315
South Korea,178
Australia,436
France,581
Canada,280
UK,427
Brazil,72
Germany,246
USA,445
India,507
South Korea,348
South Korea,491
Australia,340
Canada,251
India,318
UK,18
Germany,458
Japan,301
Japan,81
Germany,380
South Korea,93
South Korea,43
Germany,558
India,447
Australia,481
India,356
France,569
South Korea,358
Canada,550
Japan,334
UK,307
Australia,435
France,317
UK,589
South Korea,345
France,364
Brazil,568
France,28
Japan,345
USA,494
Australia,104
Canada,371
Japan,148
Japan,320
South Korea,339
Australia,299
France,253
India,467
Brazil,574
USA,29
Australia,14
South Korea,398
UK,257
Canada,152
Australia,506
South Korea,58
France,450
South Korea,65
France,327
USA,24
Australia,257
Australia,573
USA,484
USA,361
Canada,287
Australia,344
Australia,11
Germany,212
France,563
UK,577
Canada,201
Brazil,203
Japan,567
Brazil,237
UK,323
South Korea,366
Germany,98
South Korea,266
Germany,515
Canada,382
Brazil,559
UK,92
USA,189
UK,52
UK,249
Germany,354
UK,546
Australia,530
Australia,188
UK,479
South Korea,461
Japan,494
Canada,599
Japan,104
India,143
Brazil,42
France,553
UK,251
Japan,201
Canada,530
Canada,279
Japan,359
Japan,91
France,75
Australia,277
France,265
Japan,353
Australia,485
France,541
Germany,541
Japan,509
UK,305
Australia,570
India,540
India,446
USA,231
UK,378
France,112
USA,463
India,364
Australia,589
Australia,517
UK,470
Canada,196
UK,254
Australia,460
Canada,505
USA,505
USA,164
Canada,136
Germany,363
South Korea,280
Brazil,128
Australia,374
India,195
France,100
Australia,32
Canada,431
India,199
Brazil,558
Germany,420
Japan,209
Germany,76
France,252
South Korea,157
Japan,137
Canada,16
Japan,343
Australia,262
USA,499
Brazil,412
Canada,501
Australia,428
Australia,583
Germany,44
Canada,297
France,322
Australia,222
South Korea,97
Australia,278
Japan,28
USA,280
Brazil,384
Japan,280
Germany,504
Brazil,172
Germany,170
Canada,142
Australia,34
India,557
Japan,588
USA,154
Germany,138
South Korea,330
Canada,36
South Korea,465
South Korea,318
Brazil,179
India,154
UK,424
Brazil,572
India,234
Australia,215
Japan,440
Japan,108
Germany,353
South Korea,427
Japan,383
Australia,346
Canada,257
Germany,57
Australia,561
India,137
UK,545
France,386
South Korea,475
Australia,456
Canada,571
Canada,524
Canada,123
UK,486
South Korea,170
Brazil,320
Japan,62
India,285
India,24
Australia,291
Brazil,434
France,204
Canada,572
France,350
Australia,205
USA,467
Canada,67
USA,576
USA,441
USA,17
South Korea,458
Australia,123
South Korea,299
Canada,302
Germany,120
Germany,85
UK,204
Brazil,484
Australia,318
UK,13
UK,557
UK,559
Australia,373
Brazil,59
Germany,293
Brazil,373
India,217
France,529
South Korea,478
Canada,299
India,223
India,460
India,434
UK,522
France,549
Canada,201
Brazil,587
India,128
USA,14
Japan,390
Australia,443
South Korea,547
India,502
Australia,105
India,297
South Korea,499
Japan,553
South Korea,542
Germany,311
Australia,456
France,32
Germany,239
France,320
Brazil,156
Australia,27
France,481
Brazil,353
Canada,431
Brazil,83
USA,584
Canada,179
Germany,212
Canada,184
Japan,488
Canada,441
Brazil,221
South Korea,486
Brazil,393
Brazil,310
Japan,489
Canada,550
Germany,580
France,571
Germany,264
Canada,318
Japan,82
Canada,103
France,265
USA,581
Germany,225
UK,314
UK,364
UK,429
Australia,383
India,320
Germany,587
Japan,366
India,81
France,530
Australia,497
Canada,383
Germany,94
India,598
Germany,505
Australia,384
UK,405
USA,152
South Korea,171
India,281
UK,421
Canada,387
Germany,482
France,167
Brazil,27
South Korea,145
South Korea,334
UK,243
India,85
Australia,133
USA,311
Australia,245
USA,433
Canada,380
Germany,110
Brazil,182
USA,41
USA,139
Germany,236
South Korea,406
UK,272
Germany,159
Japan,489
Canada,581
Japan,400
Germany,218
Canada,158
Japan,381
Brazil,29
France,306
France,97
France,321
Japan,180
Germany,339
USA,288
India,237
Germany,392
France,488
Canada,408
South Korea,458
South Korea,82
France,27
South Korea,115
Australia,502
Germany,426
France,454
South Korea,138
Japan,339
France,296
France,185
India,577
Germany,478
South Korea,210
France,556
Canada,430
Brazil,347
USA,271
Brazil,220
South Korea,22
Australia,518
Japan,333
Brazil,87
Japan,94
UK,141
South Korea,132
Australia,489
Brazil,428
UK,558
South Korea,570
Australia,95
Australia,598
USA,207
USA,156
France,131
South Korea,578
Brazil,375
Germany,516
Germany,127
Australia,445
South Korea,559
USA,29
Australia,174
UK,535
South Korea,458
India,411
India,480
South Korea,49
USA,271
Australia,51
UK,589
France,246
UK,577
Australia,379
Australia,31
Japan,471
India,82
India,228
USA,158
India,308
India,480
Germany,141
Australia,139
India,530
Japan,469
South Korea,594
Germany,121
Canada,146
USA,202
Japan,176
Germany,435
Australia,288
India,242
Brazil,214
South Korea,395
Australia,112
South Korea,147
Germany,519
France,64
France,266
Japan,594
USA,314
UK,31
USA,394
Australia,10
Japan,474
USA,296
South Korea,464
Germany,188
Brazil,65
South Korea,318
Germany,588
Germany,111
Australia,337
Canada,532
France,454
UK,83
Germany,507
India,395
Canada,542
Australia,211
UK,552
Australia,89
Germany,514
Brazil,351
Canada,64
France,474
South Korea,137
France,592
France,287
Brazil,443
Canada,204
India,122
Brazil,20
Brazil,449
France,255
France,98
Canada,270
Australia,43
Australia,583
Canada,42
Japan,11
UK,352
Germany,49
Canada,591
USA,229
Germany,171
India,573
Canada,486
Germany,394
Brazil,91
UK,527
Canada,527
Germany,337
France,481
UK,497
USA,149
USA,547
Canada,154
India,194
USA,546
Canada,551
Japan,584
Australia,463
Germany,17
Japan,261
USA,91
Brazil,60
Australia,267
South Korea,437
India,43
UK,492
South Korea,524
Australia,285
USA,231
South Korea,374
France,132
UK,298
Germany,563
Germany,499
Germany,243
India,446
USA,559
UK,39
USA,285
Canada,106
Brazil,387
Canada,417
Japan,592
USA,26
USA,502
Australia,32
France,129
Australia,220
Germany,86
Germany,483
UK,596
Brazil,314
France,528
South Korea,334
Japan,216
Canada,569
USA,579
South Korea,167
France,194
France,502
India,314
UK,383
India,575
Japan,412
Japan,342
Japan,299
Japan,444
USA,485
USA,48
France,255
Japan,341
Germany,285
France,96
Australia,393
Brazil,406
India,175
France,409
Japan,31
India,431
UK,287
Canada,97
South Korea,385
Japan,25
Germany,350
USA,258
India,467
Japan,109
France,220
South Korea,260
Brazil,17
France,228
South Korea,363
UK,586
Japan,204
USA,332
France,175
UK,255
USA,454
Canada,381
UK,458
UK,190
Canada,248
Japan,262
Australia,476
France,599
Canada,580
India,368
Germany,276
Canada,318
India,532
India,377
South Korea,87
Brazil,209
Brazil,371
India,400
India,585
UK,579
Canada,451
UK,593
Canada,132
France,418
Canada,186
Canada,421
India,548
Canada,125
South Korea,77
Germany,360
South Korea,577
Australia,98
Japan,55
Canada,452
South Korea,72
UK,409
Germany,530
Germany,167
South Korea,221
South Korea,33
UK,420
South Korea,576
USA,541
USA,35
USA,195
Canada,442
France,579
Japan,46
Australia,189
Japan,254
Canada,37
South Korea,348
Australia,14
Canada,171
South Korea,452
Canada,13
South Korea,116
Canada,128
UK,173
USA,86
Japan,557
Australia,283
India,295
Australia,386
USA,136
Canada,71
Japan,402
Canada,513
India,202
UK,146
South Korea,414
Australia,277
UK,273
France,599
France,528
Japan,547
Brazil,321
UK,553
USA,387
India,209
Canada,594
Australia,591
USA,343
UK,359
South Korea,194
Japan,290
Germany,269
Canada,241
Australia,393
UK,304
Canada,266
Germany,485
Germany,151
Australia,454
France,67
South Korea,394
Japan,584
Brazil,62
Canada,512
Japan,45
Germany,282
Australia,572
Australia,584
South Korea,445
India,411
Japan,510
Japan,130
South Korea,178
India,453
Brazil,138
UK,84
Canada,181
UK,78
Australia,332
Brazil,516
South Korea,59
France,395
Australia,482
UK,536
Brazil,193
Canada,70
USA,40
Japan,268
France,175
Japan,478
Brazil,282
Japan,115
Australia,318
Germany,569
France,247
South Korea,57
USA,431
Japan,434
India,287
Japan,277
Australia,544
Australia,390
India,340
Australia,178
Canada,393
India,332
Canada,288
Canada,306
France,13
Brazil,301
South Korea,494
Australia,531
Brazil,396
USA,253
UK,405
Brazil,211
France,297
Canada,73
France,421
UK,543
USA,422
Australia,149
USA,306
France,258
Australia,71
Japan,24
South Korea,121
Australia,389
France,108
USA,537
Canada,355
Germany,76
Australia,374
Japan,167
Brazil,595
France,415
Canada,525
Brazil,561
Australia,246
USA,243
South Korea,268
Brazil,137
France,510
India,181
France,31
Germany,569
Brazil,87
Brazil,375
India,571
Germany,270
Canada,316
Canada,278
Canada,130
India,386
Australia,277
UK,248
Brazil,79
France,208
South Korea,416
Canada,325
Brazil,245
UK,466
USA,262
Canada,412
UK,26
Brazil,555
USA,11
USA,552
USA,372
South Korea,194
USA,135
USA,535
South Korea,121
Germany,13
South Korea,571
UK,379
Canada,90
South Korea,463
Japan,446
Australia,34
France,390
Canada,527
USA,539
UK,179
USA,469
USA,98
Australia,492
South Korea,246
South Korea,564
India,583
UK,355
India,346
France,427
Germany,44
Germany,500
France,209
France,305
UK,265
France,468
USA,589
USA,130
France,537
Japan,262
UK,62
UK,284
Canada,424
Brazil,57
Canada,357
UK,355
UK,212
Canada,379
Germany,193
Brazil,89
South Korea,451
UK,292
Germany,21
Canada,231
Australia,153
India,518
Brazil,545
USA,72
UK,392
India,368
Australia,282
UK,588
India,268
Australia,443
Australia,480
France,521
India,28
India,45
France,443
India,421
Brazil,435
France,371
UK,67
India,223
UK,352
South Korea,469
Brazil,19
USA,337
USA,96
Brazil,171
France,532
Australia,450
France,506
Brazil,445
France,507
USA,83
Australia,248
Brazil,163
Japan,74
South Korea,305
USA,578
Germany,429
Australia,222
UK,300
Japan,90
France,143
South Korea,46
UK,434
Japan,35
France,116
UK,372
Japan,57
Germany,64
Australia,477
South Korea,151
Germany,561
India,31
Australia,513
Canada,242
Canada,263
India,565
Australia,579
Australia,350
South Korea,232
USA,214
Brazil,469
USA,262
Germany,335
South Korea,502
France,43
Japan,418
Japan,155
USA,511
South Korea,51
UK,291
Germany,344
Australia,222
UK,348
Australia,225
Brazil,568
Canada,523
South Korea,451
